{
	"partitions" : [
		{
			"name" : "Top",
			"pins" : [
				{
					"name" : "BB_SYSTEM_max7219DIN_Out",
					"strict" : false
				},
				{
					"name" : "BB_SYSTEM_max7219NCS_Out",
					"strict" : false
				},
				{
					"name" : "BB_SYSTEM_max7219CLK_Out",
					"strict" : false
				},
				{
					"name" : "BB_SYSTEM_CLOCK_50",
					"strict" : false
				},
				{
					"name" : "BB_SYSTEM_RESET_InHigh",
					"strict" : false
				},
				{
					"name" : "BB_SYSTEM_P1DER_InLow",
					"strict" : false
				},
				{
					"name" : "BB_SYSTEM_P1IZQ_InLow",
					"strict" : false
				},
				{
					"name" : "BB_SYSTEM_P2DER_InLow",
					"strict" : false
				},
				{
					"name" : "BB_SYSTEM_P2IZQ_InLow",
					"strict" : false
				}
			]
		}
	]
}